{
  "description": "Derringer-Suich d_i (max/min/target) + weighted dOverall.",
  "engine": "R-base",
  "r_reference": "dMax/dMin/dTarget формулы; exp(sum(w*log(d)))  # weighted geometric mean",
  "tol": "desirability",
  "inputs": {
    "max": {
      "y": [
        0.0,
        20.0,
        35.0,
        50.0,
        65.0,
        80.0,
        100.0
      ],
      "low": 20,
      "high": 80,
      "s": 1.0,
      "weight": 1.0
    },
    "min": {
      "y": [
        1.0,
        1.8,
        2.5,
        3.0,
        3.5,
        4.2,
        5.0
      ],
      "low": 1.5,
      "high": 4.5,
      "s": 2.0,
      "weight": 2.0
    },
    "target": {
      "y": [
        40.0,
        48.0,
        55.0,
        60.0,
        66.0,
        73.0,
        80.0
      ],
      "low": 40,
      "high": 80,
      "target": 60,
      "s": 1.0,
      "s2": 2.0,
      "weight": 1.0
    }
  },
  "expected": {
    "d_max": [
      0.0,
      0.0,
      0.25,
      0.5,
      0.75,
      1.0,
      1.0
    ],
    "d_min": [
      1.0,
      0.81,
      0.444444444444444,
      0.25,
      0.111111111111111,
      0.00999999999999999,
      0.0
    ],
    "d_target": [
      0.0,
      0.4,
      0.75,
      1.0,
      0.49,
      0.1225,
      0.0
    ],
    "d_overall": [
      0.0,
      0.0,
      0.438691337650831,
      0.420448207626857,
      0.259533295369701,
      0.0591607978309961,
      0.0
    ]
  }
}